股票名稱,日期,日報酬率(%)
2327 國巨,2019/3/4,1.0116
2327 國巨,2019/3/5,-2.7182
2327 國巨,2019/3/6,-0.1471
2327 國巨,2019/3/7,-1.0309
2327 國巨,2019/3/8,0.1488
2327 國巨,2019/3/11,0.8915
2327 國巨,2019/3/12,-2.2091
2327 國巨,2019/3/13,1.8072
2327 國巨,2019/3/14,0.2959
2327 國巨,2019/3/15,1.9174
2327 國巨,2019/3/18,-1.3025
2327 國巨,2019/3/19,-2.1994
2327 國巨,2019/3/20,0.2999
2327 國巨,2019/3/21,0
2327 國巨,2019/3/22,-1.0463
2327 國巨,2019/3/25,-3.9275
2327 國巨,2019/3/26,1.5723
2327 國巨,2019/3/27,0.3096
2327 國巨,2019/3/28,-0.6173
2327 國巨,2019/3/29,0.3106
2327 國巨,2019/4/1,-0.6192
2327 國巨,2019/4/2,-0.3115
2327 國巨,2019/4/3,3.125
2327 國巨,2019/4/8,-1.6667
2327 國巨,2019/4/9,1.6949
2327 國巨,2019/4/10,-0.303
2327 國巨,2019/4/11,0
2327 國巨,2019/4/12,-0.9119
2327 國巨,2019/4/15,1.3804
2327 國巨,2019/4/16,0.6051
2327 國巨,2019/4/17,3.7594
2327 國巨,2019/4/18,-4.058
2327 國巨,2019/4/19,0.7553
2327 國巨,2019/4/22,-1.7991
2327 國巨,2019/4/23,-1.8321
2327 國巨,2019/4/24,-0.6221
2327 國巨,2019/4/25,0.626
2327 國巨,2019/4/26,-0.7776
2327 國巨,2019/4/29,-5.7994
2327 國巨,2019/4/30,1.3311
2327 國巨,2019/5/2,-0.3284
2327 國巨,2019/5/3,-1.1532
2327 國巨,2019/5/6,-2.1667
2327 國巨,2019/5/7,-0.1704
2327 國巨,2019/5/8,0.5119
2327 國巨,2019/5/9,-2.8862
2327 國巨,2019/5/10,-1.9231
2327 國巨,2019/5/13,-7.4866
2327 國巨,2019/5/14,-0.578
2327 國巨,2019/5/15,0.3876
2327 國巨,2019/5/16,-3.861
2327 國巨,2019/5/17,0.2008
2327 國巨,2019/5/20,0.8016
2327 國巨,2019/5/21,2.5845
2327 國巨,2019/5/22,-1.7442
2327 國巨,2019/5/23,-3.5503
2327 國巨,2019/5/24,-1.0225
2327 國巨,2019/5/27,1.2397
2327 國巨,2019/5/28,0.2041
2327 國巨,2019/5/29,3.8697
2327 國巨,2019/5/30,-1.5686
2327 國巨,2019/5/31,3.9841
2327 國巨,2019/6/3,0.3831
2327 國巨,2019/6/4,0.5725
2327 國巨,2019/6/5,-2.8463
2327 國巨,2019/6/6,-4.2969
2327 國巨,2019/6/10,2.449
2327 國巨,2019/6/11,0.1992
2327 國巨,2019/6/12,-0.994
2327 國巨,2019/6/13,-0.8032
2327 國巨,2019/6/14,1.6194
2327 國巨,2019/6/17,3.9841
2327 國巨,2019/6/18,-1.1494
2327 國巨,2019/6/19,2.3256
2327 國巨,2019/6/20,2.2727
2327 國巨,2019/6/21,-0.9259
2327 國巨,2019/6/24,1.3084
2327 國巨,2019/6/25,-2.7675
2327 國巨,2019/6/26,0.9488
2327 國巨,2019/6/27,0.5639
2327 國巨,2019/6/28,-1.3084
2327 國巨,2019/7/1,3.2197
2327 國巨,2019/7/2,-0.367
2327 國巨,2019/7/3,-0.5525
2327 國巨,2019/7/4,2.5926
2327 國巨,2019/7/5,0.361
2327 國巨,2019/7/8,-1.0791
2327 國巨,2019/7/9,-4
2327 國巨,2019/7/10,1.8939
2327 國巨,2019/7/11,0.9294
2327 國巨,2019/7/12,0.7366
2327 國巨,2019/7/15,-2.1938
2327 國巨,2019/7/16,0.7477
2327 國巨,2019/7/17,-0.9276
2327 國巨,2019/7/18,-2.9963
2327 國巨,2019/7/19,-0.5792
2327 國巨,2019/7/22,-1.7476
2327 國巨,2019/7/23,0.7905
2327 國巨,2019/7/24,0.1961
2327 國巨,2019/7/25,0.9785
2327 國巨,2019/7/26,0.5814
2327 國巨,2019/7/29,-0.3854
2327 國巨,2019/7/30,2.3211
2327 國巨,2019/7/31,0.5671
2327 國巨,2019/8/1,0
2327 國巨,2019/8/2,-3.1955
2327 國巨,2019/8/5,0.9709
2327 國巨,2019/8/6,-0.5769
2327 國巨,2019/8/7,-3.0948
2327 國巨,2019/8/8,2.5948
2327 國巨,2019/8/12,4.4747
2327 國巨,2019/8/13,-0.7449
2327 國巨,2019/8/14,0.7505
2327 國巨,2019/8/15,-1.4898
2327 國巨,2019/8/16,-0.3781
2327 國巨,2019/8/19,0.3795
2327 國巨,2019/8/20,0.3781
2327 國巨,2019/8/21,-3.0132
2327 國巨,2019/8/22,-1.7476
2327 國巨,2019/8/23,1.9763
2327 國巨,2019/8/26,-1.6144
2327 國巨,2019/8/27,-2.8708
2327 國巨,2019/8/28,0.7389
2327 國巨,2019/8/29,0.978
2327 國巨,2019/8/30,9.9274
2327 國巨,2019/9/2,3.9648
2327 國巨,2019/9/3,-0.2119
2327 國巨,2019/9/4,-0.4246
2327 國巨,2019/9/5,1.4925
2327 國巨,2019/9/6,-0.4202
2327 國巨,2019/9/9,-1.6878
2327 國巨,2019/9/10,-1.9313
2327 國巨,2019/9/11,0.6565
2327 國巨,2019/9/12,0.4348
2327 國巨,2019/9/16,0.2165
2327 國巨,2019/9/17,0.8639
2327 國巨,2019/9/18,-0.4283
2327 國巨,2019/9/19,-0.2151
2327 國巨,2019/9/20,0.6466
2327 國巨,2019/9/23,-0.2141
2327 國巨,2019/9/24,-0.6438
2327 國巨,2019/9/25,-0.8639
2327 國巨,2019/9/26,3.9216
2327 國巨,2019/9/27,3.3543
2327 國巨,2019/10/1,8.7221
2327 國巨,2019/10/2,0.3731
2327 國巨,2019/10/3,-1.3011
2327 國巨,2019/10/4,-1.6949
2327 國巨,2019/10/7,5.7471
2327 國巨,2019/10/8,8.1522
2327 國巨,2019/10/9,1.005
2327 國巨,2019/10/14,4.3118
2327 國巨,2019/10/15,-2.7027
2327 國巨,2019/10/16,-1.3072
2327 國巨,2019/10/17,2.8146
2327 國巨,2019/10/18,0.6441
2327 國巨,2019/10/21,0.32
2327 國巨,2019/10/22,-0.638
2327 國巨,2019/10/23,0.321
2327 國巨,2019/10/24,1.44
2327 國巨,2019/10/25,-0.3155
2327 國巨,2019/10/28,0.1582
2327 國巨,2019/10/29,0.4739
2327 國巨,2019/10/30,0.7862
2327 國巨,2019/10/31,-2.0281
2327 國巨,2019/11/1,0.6369
2327 國巨,2019/11/4,-1.1076
2327 國巨,2019/11/5,-0.16
2327 國巨,2019/11/6,-1.6026
2327 國巨,2019/11/7,-0.3257
2327 國巨,2019/11/8,0.3268
2327 國巨,2019/11/11,-7.9805
2327 國巨,2019/11/12,0
2327 國巨,2019/11/13,9.9115
2327 國巨,2019/11/14,5.153
2327 國巨,2019/11/15,-1.6845
2327 國巨,2019/11/18,-1.0903
2327 國巨,2019/11/19,1.8898
2327 國巨,2019/11/20,-1.0819
2327 國巨,2019/11/21,-0.4687
2327 國巨,2019/11/22,-0.471
2327 國巨,2019/11/25,1.735
2327 國巨,2019/11/26,1.2403
2327 國巨,2019/11/27,3.0628
2327 國巨,2019/11/28,-0.4458
2327 國巨,2019/11/29,-1.4925
2327 國巨,2019/12/2,2.4242
2327 國巨,2019/12/3,7.3964
2327 國巨,2019/12/4,-0.551
2327 國巨,2019/12/5,0.277
2327 國巨,2019/12/6,1.9337
2327 國巨,2019/12/9,0.9485
2327 國巨,2019/12/10,-1.2081
2327 國巨,2019/12/11,2.8533
2327 國巨,2019/12/12,0.7926
2327 國巨,2019/12/13,-1.3106
2327 國巨,2019/12/16,0.664
2327 國巨,2019/12/17,-0.5277
2327 國巨,2019/12/18,-0.1326
2327 國巨,2019/12/19,1.7264
2327 國巨,2019/12/20,1.6971
2327 國巨,2019/12/23,-1.6688
2327 國巨,2019/12/24,3.1332
2327 國巨,2019/12/25,2.1519
2327 國巨,2019/12/26,-0.3717
2327 國巨,2019/12/27,2.2388
2327 國巨,2019/12/30,6.0827
2327 國巨,2019/12/31,0.2294
2327 國巨,2020/1/2,-0.2288
2327 國巨,2020/1/3,7.3394
2327 國巨,2020/1/6,-1.7094
2327 國巨,2020/1/7,-10
2327 國巨,2020/1/8,-6.5217
2327 國巨,2020/1/9,1.292
2327 國巨,2020/1/10,0.1276
2327 國巨,2020/1/13,-0.6369
2327 國巨,2020/1/14,7.4359
2327 國巨,2020/1/15,-1.432
2327 國巨,2020/1/16,0.9685
2327 國巨,2020/1/17,-0.9592
2327 國巨,2020/1/20,0.6053
2327 國巨,2020/1/30,-9.988
2327 國巨,2020/1/31,3.3422
2327 國巨,2020/2/3,1.423
2327 國巨,2020/2/4,6.7602
2327 國巨,2020/2/5,-1.3142
2327 國巨,2020/2/6,0.9685
2327 國巨,2020/2/7,-0.1199
2327 國巨,2020/2/10,0.4802
2327 國巨,2020/2/11,4.4205
2327 國巨,2020/2/12,2.5172
2327 國巨,2020/2/13,-2.0089
2327 國巨,2020/2/14,4.1002
2327 國巨,2020/2/17,-0.8753
2327 國巨,2020/2/18,-0.6623
2327 國巨,2020/2/19,2.2222
2327 國巨,2020/2/20,-0.5435
2327 國巨,2020/2/21,3.1694
2327 國巨,2020/2/24,2.6483
2327 國巨,2020/2/25,0.1032
2327 國巨,2020/2/26,-9.0722
2327 國巨,2020/2/27,-7.0295
2327 國巨,2020/3/2,2.0732
2330 台積電,2019/3/4,-1.4644
2330 台積電,2019/3/5,-1.0616
2330 台積電,2019/3/6,0.4292
2330 台積電,2019/3/7,0
2330 台積電,2019/3/8,-1.7094
2330 台積電,2019/3/11,0.2174
2330 台積電,2019/3/12,2.1692
2330 台積電,2019/3/13,0.6369
2330 台積電,2019/3/14,-1.0549
2330 台積電,2019/3/15,1.919
2330 台積電,2019/3/18,0.8368
2330 台積電,2019/3/19,-0.2075
2330 台積電,2019/3/20,0.6237
2330 台積電,2019/3/21,1.4463
2330 台積電,2019/3/22,1.222
2330 台積電,2019/3/25,-2.8169
2330 台積電,2019/3/26,1.0352
2330 台積電,2019/3/27,-1.0246
2330 台積電,2019/3/28,0.207
2330 台積電,2019/3/29,1.4463
2330 台積電,2019/4/1,0
2330 台積電,2019/4/2,0.2037
2330 台積電,2019/4/3,0.2033
2330 台積電,2019/4/8,2.6369
2330 台積電,2019/4/9,0.3953
2330 台積電,2019/4/10,0
2330 台積電,2019/4/11,-0.7874
2330 台積電,2019/4/12,0
2330 台積電,2019/4/15,1.3889
2330 台積電,2019/4/16,0.5871
2330 台積電,2019/4/17,1.751
2330 台積電,2019/4/18,1.1472
2330 台積電,2019/4/19,0
2330 台積電,2019/4/22,0.5671
2330 台積電,2019/4/23,0.7519
2330 台積電,2019/4/24,0.3731
2330 台積電,2019/4/25,-0.5576
2330 台積電,2019/4/26,-2.8037
2330 台積電,2019/4/29,-0.1923
2330 台積電,2019/4/30,-0.1927
2330 台積電,2019/5/2,0
2330 台積電,2019/5/3,2.3166
2330 台積電,2019/5/6,-2.2642
2330 台積電,2019/5/7,1.3514
2330 台積電,2019/5/8,-0.9524
2330 台積電,2019/5/9,-1.3462
2330 台積電,2019/5/10,-0.1949
2330 台積電,2019/5/13,-2.1484
2330 台積電,2019/5/14,-0.7984
2330 台積電,2019/5/15,0.2012
2330 台積電,2019/5/16,-0.8032
2330 台積電,2019/5/17,-2.2267
2330 台積電,2019/5/20,-1.4493
2330 台積電,2019/5/21,-1.6807
2330 台積電,2019/5/22,1.7094
2330 台積電,2019/5/23,-3.3613
2330 台積電,2019/5/24,1.3043
2330 台積電,2019/5/27,-0.8584
2330 台積電,2019/5/28,-0.2165
2330 台積電,2019/5/29,-0.4338
2330 台積電,2019/5/30,0.6536
2330 台積電,2019/5/31,1.9481
2330 台積電,2019/6/3,1.0616
2330 台積電,2019/6/4,-2.1008
2330 台積電,2019/6/5,0.8584
2330 台積電,2019/6/6,-1.2766
2330 台積電,2019/6/10,3.4483
2330 台積電,2019/6/11,1.875
2330 台積電,2019/6/12,0.6135
2330 台積電,2019/6/13,-2.439
2330 台積電,2019/6/14,-1.6667
2330 台積電,2019/6/17,-1.2712
2330 台積電,2019/6/18,1.073
2330 台積電,2019/6/19,3.6093
2330 台積電,2019/6/20,0.4098
2330 台積電,2019/6/21,1.4286
2330 台積電,2019/6/24,0.2012
2330 台積電,2019/6/25,-1.0373
2330 台積電,2019/6/26,-1.6771
2330 台積電,2019/6/27,2.5586
2330 台積電,2019/6/28,-0.6237
2330 台積電,2019/7/1,3.9749
2330 台積電,2019/7/2,0.2012
2330 台積電,2019/7/3,-2.6104
2330 台積電,2019/7/4,0.6186
2330 台積電,2019/7/5,-0.4098
2330 台積電,2019/7/8,-0.2058
2330 台積電,2019/7/9,-0.2062
2330 台積電,2019/7/10,2.0661
2330 台積電,2019/7/11,1.2146
2330 台積電,2019/7/12,0.2
2330 台積電,2019/7/15,1.5968
2330 台積電,2019/7/16,0.5894
2330 台積電,2019/7/17,-1.5625
2330 台積電,2019/7/18,0.7937
2330 台積電,2019/7/19,1.9685
2330 台積電,2019/7/22,1.9305
2330 台積電,2019/7/23,0
2330 台積電,2019/7/24,0.3788
2330 台積電,2019/7/25,0
2330 台積電,2019/7/26,-1.5094
2330 台積電,2019/7/29,0
2330 台積電,2019/7/30,-0.3831
2330 台積電,2019/7/31,-0.1923
2330 台積電,2019/8/1,-1.1561
2330 台積電,2019/8/2,-1.9493
2330 台積電,2019/8/5,-1.9881
2330 台積電,2019/8/6,0.8114
2330 台積電,2019/8/7,-0.2012
2330 台積電,2019/8/8,2.2177
2330 台積電,2019/8/12,-0.9862
2330 台積電,2019/8/13,-1.7928
2330 台積電,2019/8/14,1.217
2330 台積電,2019/8/15,-0.6012
2330 台積電,2019/8/16,0.8065
2330 台積電,2019/8/19,0.8
2330 台積電,2019/8/20,0.9921
2330 台積電,2019/8/21,0
2330 台積電,2019/8/22,-0.1965
2330 台積電,2019/8/23,0
2330 台積電,2019/8/26,-2.1654
2330 台積電,2019/8/27,0.6036
2330 台積電,2019/8/28,0.8
2330 台積電,2019/8/29,0.7937
2330 台積電,2019/8/30,1.9685
2330 台積電,2019/9/2,-0.5792
2330 台積電,2019/9/3,-1.3592
2330 台積電,2019/9/4,1.378
2330 台積電,2019/9/5,2.1359
2330 台積電,2019/9/6,0.1901
2330 台積電,2019/9/9,0.5693
2330 台積電,2019/9/10,-1.3208
2330 台積電,2019/9/11,0.5736
2330 台積電,2019/9/12,-0.1901
2330 台積電,2019/9/16,1.1429
2330 台積電,2019/9/17,-0.1883
2330 台積電,2019/9/18,0.7547
2330 台積電,2019/9/19,0
2330 台積電,2019/9/20,-0.3774
2330 台積電,2019/9/23,0
2330 台積電,2019/9/24,0.3788
2330 台積電,2019/9/25,0.3774
2330 台積電,2019/9/26,0.7519
2330 台積電,2019/9/27,1.4925
2330 台積電,2019/10/1,2.9412
2330 台積電,2019/10/2,-0.1786
2330 台積電,2019/10/3,-1.0733
2330 台積電,2019/10/4,0
2330 台積電,2019/10/7,0.5425
2330 台積電,2019/10/8,3.0576
2330 台積電,2019/10/9,-1.5707
2330 台積電,2019/10/14,2.8369
2330 台積電,2019/10/15,1.2069
2330 台積電,2019/10/16,1.0221
2330 台積電,2019/10/17,-1.0118
2330 台積電,2019/10/18,-0.1704
2330 台積電,2019/10/21,-1.0239
2330 台積電,2019/10/22,1.3793
2330 台積電,2019/10/23,-0.3401
2330 台積電,2019/10/24,0
2330 台積電,2019/10/25,0.1706
2330 台積電,2019/10/28,0.3407
2330 台積電,2019/10/29,1.3582
2330 台積電,2019/10/30,0.335
2330 台積電,2019/10/31,-0.3339
2330 台積電,2019/11/1,0.1675
2330 台積電,2019/11/4,2.6756
2330 台積電,2019/11/5,1.1401
2330 台積電,2019/11/6,0.161
2330 台積電,2019/11/7,-0.6431
2330 台積電,2019/11/8,-1.1327
2330 台積電,2019/11/11,-1.473
2330 台積電,2019/11/12,1.3289
2330 台積電,2019/11/13,-0.3279
2330 台積電,2019/11/14,-0.1645
2330 台積電,2019/11/15,1.1532
2330 台積電,2019/11/18,1.3029
2330 台積電,2019/11/19,1.2862
2330 台積電,2019/11/20,-0.4762
2330 台積電,2019/11/21,-0.7974
2330 台積電,2019/11/22,-0.6431
2330 台積電,2019/11/25,-0.6472
2330 台積電,2019/11/26,0
2330 台積電,2019/11/27,1.3029
2330 台積電,2019/11/28,-0.4823
2330 台積電,2019/11/29,-1.454
2330 台積電,2019/12/2,0.8197
2330 台積電,2019/12/3,-0.1626
2330 台積電,2019/12/4,-0.3257
2330 台積電,2019/12/5,1.9608
2330 台積電,2019/12/6,0.3205
2330 台積電,2019/12/9,0.9585
2330 台積電,2019/12/10,-0.7911
2330 台積電,2019/12/11,1.7544
2330 台積電,2019/12/12,3.9185
2330 台積電,2019/12/13,2.2624
2330 台積電,2019/12/16,-0.885
2330 台積電,2019/12/17,2.6786
2330 台積電,2019/12/18,-0.1449
2330 台積電,2019/12/19,-2.0319
2330 台積電,2019/12/20,-1.791
2330 台積電,2019/12/23,1.5198
2330 台積電,2019/12/24,-0.5988
2330 台積電,2019/12/25,0.3012
2330 台積電,2019/12/26,0
2330 台積電,2019/12/27,1.5015
2330 台積電,2019/12/30,-1.0355
2330 台積電,2019/12/31,-1.0463
2330 台積電,2020/1/2,2.4169
2330 台積電,2020/1/3,0.1475
2330 台積電,2020/1/6,-2.2091
2330 台積電,2020/1/7,-0.753
2330 台積電,2020/1/8,0
2330 台積電,2020/1/9,2.4279
2330 台積電,2020/1/10,0.5926
2330 台積電,2020/1/13,0.5891
2330 台積電,2020/1/14,1.3177
2330 台積電,2020/1/15,-1.7341
2330 台積電,2020/1/16,-1.6176
2330 台積電,2020/1/17,-0.4484
2330 台積電,2020/1/20,0
2330 台積電,2020/1/30,-4.955
2330 台積電,2020/1/31,1.1058
2330 台積電,2020/2/3,-1.5625
2330 台積電,2020/2/4,3.1746
2330 台積電,2020/2/5,0.7692
2330 台積電,2020/2/6,1.5267
2330 台積電,2020/2/7,-1.3534
2330 台積電,2020/2/10,-0.1524
2330 台積電,2020/2/11,1.2214
2330 台積電,2020/2/12,1.0558
2330 台積電,2020/2/13,0
2330 台積電,2020/2/14,0
2330 台積電,2020/2/17,-1.0448
2330 台積電,2020/2/18,-2.8658
2330 台積電,2020/2/19,1.3975
2330 台積電,2020/2/20,-0.3063
2330 台積電,2020/2/21,-0.1536
2330 台積電,2020/2/24,-1.5385
2330 台積電,2020/2/25,0.625
2330 台積電,2020/2/26,-1.087
2330 台積電,2020/2/27,-0.7849
2330 台積電,2020/3/2,-1.5823
2454 聯發科,2019/3/4,-1.0714
2454 聯發科,2019/3/5,-1.444
2454 聯發科,2019/3/6,2.5641
2454 聯發科,2019/3/7,-2.1429
2454 聯發科,2019/3/8,-2.3723
2454 聯發科,2019/3/11,0.9346
2454 聯發科,2019/3/12,0.1852
2454 聯發科,2019/3/13,0.9242
2454 聯發科,2019/3/14,-0.1832
2454 聯發科,2019/3/15,1.2844
2454 聯發科,2019/3/18,0.7246
2454 聯發科,2019/3/19,-0.8993
2454 聯發科,2019/3/20,-0.363
2454 聯發科,2019/3/21,1.0929
2454 聯發科,2019/3/22,2.3423
2454 聯發科,2019/3/25,-2.6408
2454 聯發科,2019/3/26,1.6275
2454 聯發科,2019/3/27,-0.5338
2454 聯發科,2019/3/28,-1.0733
2454 聯發科,2019/3/29,2.17
2454 聯發科,2019/4/1,1.0619
2454 聯發科,2019/4/2,1.7513
2454 聯發科,2019/4/3,0
2454 聯發科,2019/4/8,1.3769
2454 聯發科,2019/4/9,1.6978
2454 聯發科,2019/4/10,0.1669
2454 聯發科,2019/4/11,-2.8333
2454 聯發科,2019/4/12,0.6861
2454 聯發科,2019/4/15,1.0221
2454 聯發科,2019/4/16,1.1804
2454 聯發科,2019/4/17,-3.8333
2454 聯發科,2019/4/18,0.8666
2454 聯發科,2019/4/19,-0.3436
2454 聯發科,2019/4/22,-0.3448
2454 聯發科,2019/4/23,0.346
2454 聯發科,2019/4/24,-0.1724
2454 聯發科,2019/4/25,-0.5181
2454 聯發科,2019/4/26,0.6944
2454 聯發科,2019/4/29,-0.8621
2454 聯發科,2019/4/30,2.7826
2454 聯發科,2019/5/2,0.846
2454 聯發科,2019/5/3,3.6913
2454 聯發科,2019/5/6,-0.9709
2454 聯發科,2019/5/7,1.634
2454 聯發科,2019/5/8,-0.3215
2454 聯發科,2019/5/9,-3.2258
2454 聯發科,2019/5/10,-0.5
2454 聯發科,2019/5/13,-4.0201
2454 聯發科,2019/5/14,0.8726
2454 聯發科,2019/5/15,0.346
2454 聯發科,2019/5/16,-0.6897
2454 聯發科,2019/5/17,1.0417
2454 聯發科,2019/5/20,-0.3436
2454 聯發科,2019/5/21,0.1724
2454 聯發科,2019/5/22,-1.0327
2454 聯發科,2019/5/23,1.5652
2454 聯發科,2019/5/24,-1.7123
2454 聯發科,2019/5/27,-2.0906
2454 聯發科,2019/5/28,-0.1779
2454 聯發科,2019/5/29,0
2454 聯發科,2019/5/30,5.7041
2454 聯發科,2019/5/31,4.8904
2454 聯發科,2019/6/3,0.9646
2454 聯發科,2019/6/4,-0.9554
2454 聯發科,2019/6/5,0.6431
2454 聯發科,2019/6/6,-1.9169
2454 聯發科,2019/6/10,2.9316
2454 聯發科,2019/6/11,-2.5316
2454 聯發科,2019/6/12,0.487
2454 聯發科,2019/6/13,0
2454 聯發科,2019/6/14,-0.8078
2454 聯發科,2019/6/17,-2.1173
2454 聯發科,2019/6/18,2.6622
2454 聯發科,2019/6/19,0
2454 聯發科,2019/6/20,0.4862
2454 聯發科,2019/6/21,1.129
2454 聯發科,2019/6/24,0.638
2454 聯發科,2019/6/25,-1.2678
2454 聯發科,2019/6/26,-0.321
2454 聯發科,2019/6/27,0.8052
2454 聯發科,2019/6/28,0.3195
2454 聯發科,2019/7/1,0
2454 聯發科,2019/7/2,1.5924
2454 聯發科,2019/7/3,-0.4702
2454 聯發科,2019/7/4,0.4724
2454 聯發科,2019/7/5,0.627
2454 聯發科,2019/7/8,0.6231
2454 聯發科,2019/7/9,-0.1592
2454 聯發科,2019/7/10,1.4354
2454 聯發科,2019/7/11,1.4151
2454 聯發科,2019/7/12,-1.3953
2454 聯發科,2019/7/15,-1.1006
2454 聯發科,2019/7/16,-0.159
2454 聯發科,2019/7/17,-1.2739
2454 聯發科,2019/7/18,-2.5806
2454 聯發科,2019/7/19,0.8278
2454 聯發科,2019/7/22,1.3136
2454 聯發科,2019/7/23,1.9449
2454 聯發科,2019/7/24,-2.0668
2454 聯發科,2019/7/25,1.6234
2454 聯發科,2019/7/26,0.1597
2454 聯發科,2019/7/29,1.7544
2454 聯發科,2019/7/30,2.0376
2454 聯發科,2019/7/31,-3.3794
2454 聯發科,2019/8/1,-0.159
2454 聯發科,2019/8/2,0.6369
2454 聯發科,2019/8/5,-1.2658
2454 聯發科,2019/8/6,-0.9615
2454 聯發科,2019/8/7,2.9126
2454 聯發科,2019/8/8,-0.4717
2454 聯發科,2019/8/12,2.0537
2454 聯發科,2019/8/13,-1.548
2454 聯發科,2019/8/14,0.4717
2454 聯發科,2019/8/15,-0.939
2454 聯發科,2019/8/16,1.7378
2454 聯發科,2019/8/19,9.6273
2454 聯發科,2019/8/20,-0.5666
2454 聯發科,2019/8/21,-1.1396
2454 聯發科,2019/8/22,-0.5764
2454 聯發科,2019/8/23,-0.7246
2454 聯發科,2019/8/26,0.146
2454 聯發科,2019/8/27,0.7289
2454 聯發科,2019/8/28,5.9334
2454 聯發科,2019/8/29,-0.1366
2454 聯發科,2019/8/30,0.5472
2454 聯發科,2019/9/2,0.8163
2454 聯發科,2019/9/3,-1.7544
2454 聯發科,2019/9/4,0.2747
2454 聯發科,2019/9/5,0.6849
2454 聯發科,2019/9/6,1.9048
2454 聯發科,2019/9/9,2.1362
2454 聯發科,2019/9/10,-1.1765
2454 聯發科,2019/9/11,-0.9259
2454 聯發科,2019/9/12,0.1335
2454 聯發科,2019/9/16,1.8667
2454 聯發科,2019/9/17,0.2618
2454 聯發科,2019/9/18,-0.2611
2454 聯發科,2019/9/19,-0.3927
2454 聯發科,2019/9/20,1.5769
2454 聯發科,2019/9/23,0.3881
2454 聯發科,2019/9/24,-0.2577
2454 聯發科,2019/9/25,-1.8088
2454 聯發科,2019/9/26,-1.0526
2454 聯發科,2019/9/27,-1.8617
2454 聯發科,2019/10/1,2.0325
2454 聯發科,2019/10/2,-1.1952
2454 聯發科,2019/10/3,2.0161
2454 聯發科,2019/10/4,1.581
2454 聯發科,2019/10/7,-0.3891
2454 聯發科,2019/10/8,0.1302
2454 聯發科,2019/10/9,-3.251
2454 聯發科,2019/10/14,-0.4032
2454 聯發科,2019/10/15,-0.9447
2454 聯發科,2019/10/16,-1.9074
2454 聯發科,2019/10/17,3.0556
2454 聯發科,2019/10/18,-0.2695
2454 聯發科,2019/10/21,-0.2703
2454 聯發科,2019/10/22,0.6775
2454 聯發科,2019/10/23,0.1346
2454 聯發科,2019/10/24,2.5538
2454 聯發科,2019/10/25,-0.6553
2454 聯發科,2019/10/28,2.1108
2454 聯發科,2019/10/29,1.5504
2454 聯發科,2019/10/30,0.8906
2454 聯發科,2019/10/31,2.9004
2454 聯發科,2019/11/1,-0.7353
2454 聯發科,2019/11/4,1.7284
2454 聯發科,2019/11/5,3.1553
2454 聯發科,2019/11/6,2.1176
2454 聯發科,2019/11/7,-2.0737
2454 聯發科,2019/11/8,-2.5882
2454 聯發科,2019/11/11,-2.5362
2454 聯發科,2019/11/12,1.6109
2454 聯發科,2019/11/13,-0.4878
2454 聯發科,2019/11/14,0.6127
2454 聯發科,2019/11/15,2.8015
2454 聯發科,2019/11/18,-0.5924
2454 聯發科,2019/11/19,0.3576
2454 聯發科,2019/11/20,-1.5439
2454 聯發科,2019/11/21,-1.8094
2454 聯發科,2019/11/22,0.9828
2454 聯發科,2019/11/25,1.8248
2454 聯發科,2019/11/26,0.3584
2454 聯發科,2019/11/27,0.5952
2454 聯發科,2019/11/28,2.1302
2454 聯發科,2019/11/29,-2.3175
2454 聯發科,2019/12/2,-1.1862
2454 聯發科,2019/12/3,0.3601
2454 聯發科,2019/12/4,1.555
2454 聯發科,2019/12/5,-1.0601
2454 聯發科,2019/12/6,-1.1905
2454 聯發科,2019/12/9,2.7711
2454 聯發科,2019/12/10,-0.3517
2454 聯發科,2019/12/11,0.9412
2454 聯發科,2019/12/12,-0.3497
2454 聯發科,2019/12/13,1.1696
2454 聯發科,2019/12/16,2.1965
2454 聯發科,2019/12/17,4.1855
2454 聯發科,2019/12/18,-0.8686
2454 聯發科,2019/12/19,-0.4381
2454 聯發科,2019/12/20,-1.8702
2454 聯發科,2019/12/23,0.6726
2454 聯發科,2019/12/24,-0.8909
2454 聯發科,2019/12/25,1.573
2454 聯發科,2019/12/26,-0.6637
2454 聯發科,2019/12/27,-0.5568
2454 聯發科,2019/12/30,0
2454 聯發科,2019/12/31,-0.6719
2454 聯發科,2020/1/2,-0.451
2454 聯發科,2020/1/3,-1.5855
2454 聯發科,2020/1/6,-2.4166
2454 聯發科,2020/1/7,0.4717
2454 聯發科,2020/1/8,1.0563
2454 聯發科,2020/1/9,1.5099
2454 聯發科,2020/1/10,-1.1442
2454 聯發科,2020/1/13,-2.3148
2454 聯發科,2020/1/14,-1.4218
2454 聯發科,2020/1/15,0
2454 聯發科,2020/1/16,1.2019
2454 聯發科,2020/1/17,-0.1188
2454 聯發科,2020/1/20,-0.3567
2454 聯發科,2020/1/30,-8.4726
2454 聯發科,2020/1/31,1.1734
2454 聯發科,2020/2/3,-1.5464
2454 聯發科,2020/2/4,2.2251
2454 聯發科,2020/2/5,-2.4328
2454 聯發科,2020/2/6,0.2625
2454 聯發科,2020/2/7,-0.2618
2454 聯發科,2020/2/10,-0.2625
2454 聯發科,2020/2/11,2.6316
2454 聯發科,2020/2/12,2.9487
2454 聯發科,2020/2/13,1.7435
2454 聯發科,2020/2/14,-0.7344
2454 聯發科,2020/2/17,-1.8496
2454 聯發科,2020/2/18,-1.5075
2454 聯發科,2020/2/19,-0.8929
2454 聯發科,2020/2/20,1.4157
2454 聯發科,2020/2/21,-1.5228
2454 聯發科,2020/2/24,-2.8351
2454 聯發科,2020/2/25,0.3979
2454 聯發科,2020/2/26,-0.9247
2454 聯發科,2020/2/27,-4
2454 聯發科,2020/3/2,0.8333
3406 玉晶光,2019/3/4,-3.125
3406 玉晶光,2019/3/5,4.6774
3406 玉晶光,2019/3/6,1.6949
3406 玉晶光,2019/3/7,-3.9394
3406 玉晶光,2019/3/8,-0.9464
3406 玉晶光,2019/3/11,1.5924
3406 玉晶光,2019/3/12,3.2915
3406 玉晶光,2019/3/13,1.6692
3406 玉晶光,2019/3/14,4.9254
3406 玉晶光,2019/3/15,0.4267
3406 玉晶光,2019/3/18,-2.2663
3406 玉晶光,2019/3/19,2.3188
3406 玉晶光,2019/3/20,-2.5496
3406 玉晶光,2019/3/21,1.3081
3406 玉晶光,2019/3/22,-3.0129
3406 玉晶光,2019/3/25,-3.8462
3406 玉晶光,2019/3/26,5.2308
3406 玉晶光,2019/3/27,-1.7544
3406 玉晶光,2019/3/28,-2.381
3406 玉晶光,2019/3/29,9.9085
3406 玉晶光,2019/4/1,9.9861
3406 玉晶光,2019/4/2,3.1526
3406 玉晶光,2019/4/3,-0.1222
3406 玉晶光,2019/4/8,6.4871
3406 玉晶光,2019/4/9,4.1379
3406 玉晶光,2019/4/10,-2.4283
3406 玉晶光,2019/4/11,-1.3575
3406 玉晶光,2019/4/12,-0.5734
3406 玉晶光,2019/4/15,2.0761
3406 玉晶光,2019/4/16,1.3559
3406 玉晶光,2019/4/17,9.922
3406 玉晶光,2019/4/18,-2.6369
3406 玉晶光,2019/4/19,-2.0833
3406 玉晶光,2019/4/22,-10
3406 玉晶光,2019/4/23,-1.8913
3406 玉晶光,2019/4/24,0
3406 玉晶光,2019/4/25,-1.0843
3406 玉晶光,2019/4/26,-5.3593
3406 玉晶光,2019/4/29,3.2175
3406 玉晶光,2019/4/30,-1.3716
3406 玉晶光,2019/5/2,0
3406 玉晶光,2019/5/3,9.3552
3406 玉晶光,2019/5/6,-7.7457
3406 玉晶光,2019/5/7,4.8872
3406 玉晶光,2019/5/8,-0.4779
3406 玉晶光,2019/5/9,-5.1621
3406 玉晶光,2019/5/10,-0.6329
3406 玉晶光,2019/5/13,-8.2803
3406 玉晶光,2019/5/14,2.2222
3406 玉晶光,2019/5/15,1.9022
3406 玉晶光,2019/5/16,-0.9333
3406 玉晶光,2019/5/17,-7.537
3406 玉晶光,2019/5/20,-0.2911
3406 玉晶光,2019/5/21,8.3212
3406 玉晶光,2019/5/22,-5.2561
3406 玉晶光,2019/5/23,-2.276
3406 玉晶光,2019/5/24,-9.8981
3406 玉晶光,2019/5/27,0.1616
3406 玉晶光,2019/5/28,-2.9032
3406 玉晶光,2019/5/29,1.8272
3406 玉晶光,2019/5/30,-3.752
3406 玉晶光,2019/5/31,8.4746
3406 玉晶光,2019/6/3,-1.7188
3406 玉晶光,2019/6/4,-2.0668
3406 玉晶光,2019/6/5,0.6494
3406 玉晶光,2019/6/6,0.8065
3406 玉晶光,2019/6/10,2.72
3406 玉晶光,2019/6/11,9.9688
3406 玉晶光,2019/6/12,-0.2833
3406 玉晶光,2019/6/13,0.7102
3406 玉晶光,2019/6/14,-1.2694
3406 玉晶光,2019/6/17,3.7143
3406 玉晶光,2019/6/18,-1.6529
3406 玉晶光,2019/6/19,7.0028
3406 玉晶光,2019/6/20,1.178
3406 玉晶光,2019/6/21,-0.2587
3406 玉晶光,2019/6/24,2.594
3406 玉晶光,2019/6/25,-5.0569
3406 玉晶光,2019/6/26,1.9973
3406 玉晶光,2019/6/27,4.1775
3406 玉晶光,2019/6/28,2.005
3406 玉晶光,2019/7/1,9.3366
3406 玉晶光,2019/7/2,-1.3483
3406 玉晶光,2019/7/3,-2.5057
3406 玉晶光,2019/7/4,0
3406 玉晶光,2019/7/5,1.8692
3406 玉晶光,2019/7/8,1.4908
3406 玉晶光,2019/7/9,-3.8418
3406 玉晶光,2019/7/10,3.4078
3406 玉晶光,2019/7/11,-1.1364
3406 玉晶光,2019/7/12,-1.0345
3406 玉晶光,2019/7/15,1.7422
3406 玉晶光,2019/7/16,-1.5982
3406 玉晶光,2019/7/17,-1.6241
3406 玉晶光,2019/7/18,-4.717
3406 玉晶光,2019/7/19,3.7129
3406 玉晶光,2019/7/22,-4.6539
3406 玉晶光,2019/7/23,2.6283
3406 玉晶光,2019/7/24,1.5854
3406 玉晶光,2019/7/25,1.6796
3406 玉晶光,2019/7/26,1.1905
3406 玉晶光,2019/7/29,1.1765
3406 玉晶光,2019/7/30,-3.0233
3406 玉晶光,2019/7/31,2.518
3406 玉晶光,2019/8/1,2.6901
3406 玉晶光,2019/8/2,-5.0114
3406 玉晶光,2019/8/5,0.2398
3406 玉晶光,2019/8/6,1.0766
3406 玉晶光,2019/8/7,-2.2485
3406 玉晶光,2019/8/8,7.5061
3406 玉晶光,2019/8/12,-0.3378
3406 玉晶光,2019/8/13,-4.6328
3406 玉晶光,2019/8/14,-0.7109
3406 玉晶光,2019/8/15,-2.148
3406 玉晶光,2019/8/16,-0.122
3406 玉晶光,2019/8/19,-1.0989
3406 玉晶光,2019/8/20,-0.2469
3406 玉晶光,2019/8/21,-1.8564
3406 玉晶光,2019/8/22,1.8916
3406 玉晶光,2019/8/23,-1.1139
3406 玉晶光,2019/8/26,-4.005
3406 玉晶光,2019/8/27,-0.1304
3406 玉晶光,2019/8/28,5.6136
3406 玉晶光,2019/8/29,-0.3708
3406 玉晶光,2019/8/30,2.7295
3406 玉晶光,2019/9/2,2.657
3406 玉晶光,2019/9/3,-1.4118
3406 玉晶光,2019/9/4,3.8186
3406 玉晶光,2019/9/5,1.0345
3406 玉晶光,2019/9/6,2.1615
3406 玉晶光,2019/9/9,0.8909
3406 玉晶光,2019/9/10,-7.947
3406 玉晶光,2019/9/11,3.5971
3406 玉晶光,2019/9/12,-1.1574
3406 玉晶光,2019/9/16,-0.7026
3406 玉晶光,2019/9/17,-1.8868
3406 玉晶光,2019/9/18,2.2837
3406 玉晶光,2019/9/19,-1.7626
3406 玉晶光,2019/9/20,1.4354
3406 玉晶光,2019/9/23,0.9434
3406 玉晶光,2019/9/24,0
3406 玉晶光,2019/9/25,-1.5187
3406 玉晶光,2019/9/26,-0.3559
3406 玉晶光,2019/9/27,0.3571
3406 玉晶光,2019/10/1,4.6263
3406 玉晶光,2019/10/2,9.6372
3406 玉晶光,2019/10/3,0.4137
3406 玉晶光,2019/10/4,-0.8239
3406 玉晶光,2019/10/7,0.1038
3406 玉晶光,2019/10/8,1.1411
3406 玉晶光,2019/10/9,-5.7436
3406 玉晶光,2019/10/14,-0.6529
3406 玉晶光,2019/10/15,-0.1095
3406 玉晶光,2019/10/16,-1.9737
3406 玉晶光,2019/10/17,2.4609
3406 玉晶光,2019/10/18,-2.7293
3406 玉晶光,2019/10/21,0.6734
3406 玉晶光,2019/10/22,-1.2263
3406 玉晶光,2019/10/23,0.3386
3406 玉晶光,2019/10/24,2.3622
3406 玉晶光,2019/10/25,-1.978
3406 玉晶光,2019/10/28,0.8969
3406 玉晶光,2019/10/29,-2
3406 玉晶光,2019/10/30,-0.3401
3406 玉晶光,2019/10/31,0.1138
3406 玉晶光,2019/11/1,1.5909
3406 玉晶光,2019/11/4,1.7625
3406 玉晶光,2019/11/5,4.1295
3406 玉晶光,2019/11/6,-2.4652
3406 玉晶光,2019/11/7,-2.6374
3406 玉晶光,2019/11/8,-0.5643
3406 玉晶光,2019/11/11,-5.3348
3406 玉晶光,2019/11/12,1.9185
3406 玉晶光,2019/11/13,-1.1765
3406 玉晶光,2019/11/14,-0.4762
3406 玉晶光,2019/11/15,0.7177
3406 玉晶光,2019/11/18,-0.9501
3406 玉晶光,2019/11/19,1.0791
3406 玉晶光,2019/11/20,-4.6263
3406 玉晶光,2019/11/21,2.8607
3406 玉晶光,2019/11/22,-2.0556
3406 玉晶光,2019/11/25,0.9877
3406 玉晶光,2019/11/26,0
3406 玉晶光,2019/11/27,2.2005
3406 玉晶光,2019/11/28,-2.3923
3406 玉晶光,2019/11/29,0
3406 玉晶光,2019/12/2,-0.4902
3406 玉晶光,2019/12/3,-0.3695
3406 玉晶光,2019/12/4,-0.8653
3406 玉晶光,2019/12/5,3.616
3406 玉晶光,2019/12/6,0.9627
3406 玉晶光,2019/12/9,4.8868
3406 玉晶光,2019/12/10,2.8409
3406 玉晶光,2019/12/11,4.8619
3406 玉晶光,2019/12/12,1.0537
3406 玉晶光,2019/12/13,3.7539
3406 玉晶光,2019/12/16,4.9246
3406 玉晶光,2019/12/17,-0.5747
3406 玉晶光,2019/12/18,3.4682
3406 玉晶光,2019/12/19,-2.0484
3406 玉晶光,2019/12/20,-0.7605
3406 玉晶光,2019/12/23,3.2567
3406 玉晶光,2019/12/24,-1.4842
3406 玉晶光,2019/12/25,0.3766
3406 玉晶光,2019/12/26,1.3133
3406 玉晶光,2019/12/27,-0.3704
3406 玉晶光,2019/12/30,2.6022
3406 玉晶光,2019/12/31,6.3406
3406 玉晶光,2020/1/2,3.0664
3406 玉晶光,2020/1/3,-4.2975
3406 玉晶光,2020/1/6,-1.3817
3406 玉晶光,2020/1/7,-1.7513
3406 玉晶光,2020/1/8,1.9608
3406 玉晶光,2020/1/9,6.2937
3406 玉晶光,2020/1/10,-1.1513
3406 玉晶光,2020/1/13,-2.8286
3406 玉晶光,2020/1/14,1.0274
3406 玉晶光,2020/1/15,-2.8814
3406 玉晶光,2020/1/16,2.7923
3406 玉晶光,2020/1/17,-2.8862
3406 玉晶光,2020/1/20,3.1469
3406 玉晶光,2020/1/30,-10
3406 玉晶光,2020/1/31,0.9416
3406 玉晶光,2020/2/3,0.3731
3406 玉晶光,2020/2/4,-0.5576
3406 玉晶光,2020/2/5,-2.8037
3406 玉晶光,2020/2/6,3.4615
3406 玉晶光,2020/2/7,-3.7175
3406 玉晶光,2020/2/10,0.7722
3406 玉晶光,2020/2/11,1.7241
3406 玉晶光,2020/2/12,3.0132
3406 玉晶光,2020/2/13,-1.8282
3406 玉晶光,2020/2/14,1.4898
3406 玉晶光,2020/2/17,-2.7523
3406 玉晶光,2020/2/18,-2.2642
3406 玉晶光,2020/2/19,2.5097
3406 玉晶光,2020/2/20,3.0132
3406 玉晶光,2020/2/21,0.9141
3406 玉晶光,2020/2/24,-0.1812
3406 玉晶光,2020/2/25,2.1779
3406 玉晶光,2020/2/26,-5.151
3406 玉晶光,2020/2/27,-5.4307
3406 玉晶光,2020/3/2,-3.0693
5876 上海商銀,2019/3/4,-3.7578
5876 上海商銀,2019/3/5,0
5876 上海商銀,2019/3/6,-0.2169
5876 上海商銀,2019/3/7,-1.087
5876 上海商銀,2019/3/8,-1.2088
5876 上海商銀,2019/3/11,0.3337
5876 上海商銀,2019/3/12,0.8869
5876 上海商銀,2019/3/13,2.1978
5876 上海商銀,2019/3/14,1.2903
5876 上海商銀,2019/3/15,0.4246
5876 上海商銀,2019/3/18,0.2114
5876 上海商銀,2019/3/19,0.211
5876 上海商銀,2019/3/20,0.8421
5876 上海商銀,2019/3/21,-0.8351
5876 上海商銀,2019/3/22,0.1053
5876 上海商銀,2019/3/25,-1.2618
5876 上海商銀,2019/3/26,2.0234
5876 上海商銀,2019/3/27,-0.7307
5876 上海商銀,2019/3/28,0.9464
5876 上海商銀,2019/3/29,1.4583
5876 上海商銀,2019/4/1,-0.4107
5876 上海商銀,2019/4/2,-0.7216
5876 上海商銀,2019/4/3,-0.3115
5876 上海商銀,2019/4/8,0.2083
5876 上海商銀,2019/4/9,0.104
5876 上海商銀,2019/4/10,1.5576
5876 上海商銀,2019/4/11,-0.409
5876 上海商銀,2019/4/12,0
5876 上海商銀,2019/4/15,0.4107
5876 上海商銀,2019/4/16,-0.1022
5876 上海商銀,2019/4/17,-0.5118
5876 上海商銀,2019/4/18,-0.1029
5876 上海商銀,2019/4/19,0.103
5876 上海商銀,2019/4/22,-0.823
5876 上海商銀,2019/4/23,-0.5187
5876 上海商銀,2019/4/24,0.8342
5876 上海商銀,2019/4/25,0
5876 上海商銀,2019/4/26,1.1375
5876 上海商銀,2019/4/29,0.2045
5876 上海商銀,2019/4/30,1.6327
5876 上海商銀,2019/5/2,1.2048
5876 上海商銀,2019/5/3,0.9921
5876 上海商銀,2019/5/6,-1.7682
5876 上海商銀,2019/5/7,-0.4
5876 上海商銀,2019/5/8,1.004
5876 上海商銀,2019/5/9,0
5876 上海商銀,2019/5/10,0.7952
5876 上海商銀,2019/5/13,-0.3945
5876 上海商銀,2019/5/14,0.7921
5876 上海商銀,2019/5/15,0
5876 上海商銀,2019/5/16,0.1965
5876 上海商銀,2019/5/17,0.1961
5876 上海商銀,2019/5/20,2.9354
5876 上海商銀,2019/5/21,2.2814
5876 上海商銀,2019/5/22,0.1859
5876 上海商銀,2019/5/23,1.8553
5876 上海商銀,2019/5/24,5.2823
5876 上海商銀,2019/5/27,-1.7301
5876 上海商銀,2019/5/28,1.0563
5876 上海商銀,2019/5/29,-2.0906
5876 上海商銀,2019/5/30,2.3132
5876 上海商銀,2019/5/31,1.0435
5876 上海商銀,2019/6/3,-0.6885
5876 上海商銀,2019/6/4,0.5199
5876 上海商銀,2019/6/5,-1.0345
5876 上海商銀,2019/6/6,0.8711
5876 上海商銀,2019/6/10,0.5181
5876 上海商銀,2019/6/11,-0.1718
5876 上海商銀,2019/6/12,-3.4423
5876 上海商銀,2019/6/13,0.713
5876 上海商銀,2019/6/14,-0.531
5876 上海商銀,2019/6/17,-3.0249
5876 上海商銀,2019/6/18,2.7523
5876 上海商銀,2019/6/19,2.5
5876 上海商銀,2019/6/20,-1.0453
5876 上海商銀,2019/6/21,1.0563
5876 上海商銀,2019/6/24,0.1742
5876 上海商銀,2019/6/25,-0.6957
5876 上海商銀,2019/6/26,-0.1751
5876 上海商銀,2019/6/27,1.2281
5876 上海商銀,2019/6/28,-2.5997
5876 上海商銀,2019/7/1,-1.6014
5876 上海商銀,2019/7/2,0
5876 上海商銀,2019/7/3,0.5425
5876 上海商銀,2019/7/4,1.7986
5876 上海商銀,2019/7/5,1.4134
5876 上海商銀,2019/7/8,1.5679
5876 上海商銀,2019/7/9,-0.1776
5876 上海商銀,2019/7/10,1.7794
5876 上海商銀,2019/7/11,0.5245
5876 上海商銀,2019/7/12,-0.5217
5876 上海商銀,2019/7/15,-1.7483
5876 上海商銀,2019/7/16,0
5876 上海商銀,2019/7/17,1.4235
5876 上海商銀,2019/7/18,-1.2281
5876 上海商銀,2019/7/19,0
5876 上海商銀,2019/7/22,-0.5329
5876 上海商銀,2019/7/23,-1.25
5876 上海商銀,2019/7/24,-3.255
5876 上海商銀,2019/7/25,-3.3645
5876 上海商銀,2019/7/26,0.3868
5876 上海商銀,2019/7/29,0.3854
5876 上海商銀,2019/7/30,-1.3436
5876 上海商銀,2019/7/31,0
5876 上海商銀,2019/8/1,-2.3346
5876 上海商銀,2019/8/2,-2.6892
5876 上海商銀,2019/8/5,2.3541
5876 上海商銀,2019/8/6,-1.9
5876 上海商銀,2019/8/7,-1.5291
5876 上海商銀,2019/8/8,0.7246
5876 上海商銀,2019/8/12,-1.2333
5876 上海商銀,2019/8/13,-2.6015
5876 上海商銀,2019/8/14,0.641
5876 上海商銀,2019/8/15,-0.5308
5876 上海商銀,2019/8/16,2.4546
5876 上海商銀,2019/8/19,0.9375
5876 上海商銀,2019/8/20,-0.3096
5876 上海商銀,2019/8/21,-1.3458
5876 上海商銀,2019/8/22,2.2036
5876 上海商銀,2019/8/23,2.1561
5876 上海商銀,2019/8/26,0.5025
5876 上海商銀,2019/8/27,1.4342
5876 上海商銀,2019/8/28,-0.5035
5876 上海商銀,2019/8/29,-0.3036
5876 上海商銀,2019/8/30,3.1472
5876 上海商銀,2019/9/2,-0.1969
5876 上海商銀,2019/9/3,-0.5917
5876 上海商銀,2019/9/4,1.3889
5876 上海商銀,2019/9/5,0.3914
5876 上海商銀,2019/9/6,3.8986
5876 上海商銀,2019/9/9,3.0019
5876 上海商銀,2019/9/10,-1.6393
5876 上海商銀,2019/9/11,1.4815
5876 上海商銀,2019/9/12,-0.365
5876 上海商銀,2019/9/16,2.5641
5876 上海商銀,2019/9/17,-2.3214
5876 上海商銀,2019/9/18,0.3656
5876 上海商銀,2019/9/19,0.3643
5876 上海商銀,2019/9/20,1.0889
5876 上海商銀,2019/9/23,-1.6158
5876 上海商銀,2019/9/24,-1.4599
5876 上海商銀,2019/9/25,-2.4074
5876 上海商銀,2019/9/26,-1.1385
5876 上海商銀,2019/9/27,0
5876 上海商銀,2019/10/1,-1.1516
5876 上海商銀,2019/10/2,-0.7767
5876 上海商銀,2019/10/3,0.3914
5876 上海商銀,2019/10/4,0.5848
5876 上海商銀,2019/10/7,-1.1628
5876 上海商銀,2019/10/8,-0.3922
5876 上海商銀,2019/10/9,-1.1811
5876 上海商銀,2019/10/14,3.3865
5876 上海商銀,2019/10/15,0
5876 上海商銀,2019/10/16,0.3854
5876 上海商銀,2019/10/17,-0.5758
5876 上海商銀,2019/10/18,-1.5444
5876 上海商銀,2019/10/21,0.3922
5876 上海商銀,2019/10/22,0.5859
5876 上海商銀,2019/10/23,-0.5825
5876 上海商銀,2019/10/24,1.9531
5876 上海商銀,2019/10/25,-0.1916
5876 上海商銀,2019/10/28,-0.3839
5876 上海商銀,2019/10/29,-0.1927
5876 上海商銀,2019/10/30,1.3514
5876 上海商銀,2019/10/31,0
5876 上海商銀,2019/11/1,-0.7619
5876 上海商銀,2019/11/4,0.5758
5876 上海商銀,2019/11/5,2.0992
5876 上海商銀,2019/11/6,0.7477
5876 上海商銀,2019/11/7,-0.9276
5876 上海商銀,2019/11/8,-0.7491
5876 上海商銀,2019/11/11,-0.9434
5876 上海商銀,2019/11/12,0.7619
5876 上海商銀,2019/11/13,-2.4575
5876 上海商銀,2019/11/14,-0.1938
5876 上海商銀,2019/11/15,0.3883
5876 上海商銀,2019/11/18,0.1934
5876 上海商銀,2019/11/19,0.5792
5876 上海商銀,2019/11/20,0
5876 上海商銀,2019/11/21,-0.9597
5876 上海商銀,2019/11/22,0.1938
5876 上海商銀,2019/11/25,-0.5803
5876 上海商銀,2019/11/26,0.7782
5876 上海商銀,2019/11/27,0
5876 上海商銀,2019/11/28,-0.3861
5876 上海商銀,2019/11/29,-3.2946
5876 上海商銀,2019/12/2,-0.7014
5876 上海商銀,2019/12/3,0.1009
5876 上海商銀,2019/12/4,0.8065
5876 上海商銀,2019/12/5,0.6
5876 上海商銀,2019/12/6,0
5876 上海商銀,2019/12/9,0
5876 上海商銀,2019/12/10,-0.1988
5876 上海商銀,2019/12/11,-0.3984
5876 上海商銀,2019/12/12,1.2
5876 上海商銀,2019/12/13,0.5929
5876 上海商銀,2019/12/16,0.1965
5876 上海商銀,2019/12/17,1.1765
5876 上海商銀,2019/12/18,-0.3876
5876 上海商銀,2019/12/19,0.3891
5876 上海商銀,2019/12/20,1.7442
5876 上海商銀,2019/12/23,0.381
5876 上海商銀,2019/12/24,0
5876 上海商銀,2019/12/25,-1.518
5876 上海商銀,2019/12/26,0.9634
5876 上海商銀,2019/12/27,0.5725
5876 上海商銀,2019/12/30,-0.9488
5876 上海商銀,2019/12/31,-0.3831
5876 上海商銀,2020/1/2,0
5876 上海商銀,2020/1/3,0.5769
5876 上海商銀,2020/1/6,-1.1472
5876 上海商銀,2020/1/7,-1.5474
5876 上海商銀,2020/1/8,-0.5894
5876 上海商銀,2020/1/9,0.9881
5876 上海商銀,2020/1/10,-0.1957
5876 上海商銀,2020/1/13,1.9608
5876 上海商銀,2020/1/14,1.3462
5876 上海商銀,2020/1/15,-0.3795
5876 上海商銀,2020/1/16,-0.5714
5876 上海商銀,2020/1/17,1.1494
5876 上海商銀,2020/1/20,0.5682
5876 上海商銀,2020/1/30,-5.6497
5876 上海商銀,2020/1/31,-0.1996
5876 上海商銀,2020/2/3,-0.8
5876 上海商銀,2020/2/4,1.0081
5876 上海商銀,2020/2/5,0
5876 上海商銀,2020/2/6,0.998
5876 上海商銀,2020/2/7,0.3953
5876 上海商銀,2020/2/10,-0.7874
5876 上海商銀,2020/2/11,0.5952
5876 上海商銀,2020/2/12,0.5917
5876 上海商銀,2020/2/13,1.1765
5876 上海商銀,2020/2/14,0.1938
5876 上海商銀,2020/2/17,-0.5803
5876 上海商銀,2020/2/18,0.5837
5876 上海商銀,2020/2/19,0.7737
5876 上海商銀,2020/2/20,-0.3839
5876 上海商銀,2020/2/21,0.1927
5876 上海商銀,2020/2/24,-2.1154
5876 上海商銀,2020/2/25,0
5876 上海商銀,2020/2/26,-0.3929
5876 上海商銀,2020/2/27,-0.789
5876 上海商銀,2020/3/2,-1.7893